{
	"$schema": "http://schema.management.azure.com/schemas/2015-01-01/deploymentTemplate.json#",
	"contentVersion": "1.0.0.0",
	"parameters": {
		"workspaceName": {
			"type": "string",
			"metadata": "Workspace name",
			"defaultValue": ""
		}
	},
	"variables": {
		"workspaceId": "[concat('Microsoft.Synapse/workspaces/', parameters('workspaceName'))]"
	},
	"resources": [
		{
			"name": "[concat(parameters('workspaceName'), '/Refresh Semantic Model')]",
			"type": "Microsoft.Synapse/workspaces/pipelines",
			"apiVersion": "2019-06-01-preview",
			"properties": {
				"activities": [
					{
						"name": "Set Refresh Status to Unknown",
						"type": "SetVariable",
						"dependsOn": [],
						"policy": {
							"secureOutput": false,
							"secureInput": false
						},
						"userProperties": [],
						"typeProperties": {
							"variableName": "Refresh Status",
							"value": "Unknown"
						}
					},
					{
						"name": "Until No Refresh Running",
						"type": "Until",
						"dependsOn": [
							{
								"activity": "Set Refresh Status to Unknown",
								"dependencyConditions": [
									"Succeeded"
								]
							}
						],
						"userProperties": [],
						"typeProperties": {
							"expression": {
								"value": "@not(equals('Unknown', variables('Refresh Status')))",
								"type": "Expression"
							},
							"activities": [
								{
									"name": "Check Initial Refresh Status",
									"type": "WebActivity",
									"dependsOn": [],
									"policy": {
										"timeout": "0.12:00:00",
										"retry": 0,
										"retryIntervalInSeconds": 30,
										"secureOutput": false,
										"secureInput": false
									},
									"userProperties": [],
									"typeProperties": {
										"method": "GET",
										"url": {
											"value": "https://api.powerbi.com/v1.0/myorg/groups/@{pipeline().parameters.WorkspaceId}/datasets/@{pipeline().parameters.DatasetId}/refreshes?$top=1",
											"type": "Expression"
										},
										"connectVia": {
											"referenceName": "AutoResolveIntegrationRuntime",
											"type": "IntegrationRuntimeReference"
										},
										"body": {
											"notifyOption": "NoNotification"
										},
										"authentication": {
											"type": "MSI",
											"resource": "https://analysis.windows.net/powerbi/api"
										}
									}
								},
								{
									"name": "Wait 10 Seconds",
									"type": "Wait",
									"dependsOn": [
										{
											"activity": "Set Refresh Status",
											"dependencyConditions": [
												"Succeeded"
											]
										}
									],
									"userProperties": [],
									"typeProperties": {
										"waitTimeInSeconds": 1
									}
								},
								{
									"name": "Set Refresh Status",
									"type": "SetVariable",
									"dependsOn": [
										{
											"activity": "Check Initial Refresh Status",
											"dependencyConditions": [
												"Succeeded"
											]
										}
									],
									"policy": {
										"secureOutput": false,
										"secureInput": false
									},
									"userProperties": [],
									"typeProperties": {
										"variableName": "Refresh Status",
										"value": {
											"value": "@activity('Check Initial Refresh Status').output.value[0].status",
											"type": "Expression"
										}
									}
								}
							],
							"timeout": "0.12:00:00"
						}
					},
					{
						"name": "Trigger Refresh",
						"type": "WebActivity",
						"dependsOn": [
							{
								"activity": "Until No Refresh Running",
								"dependencyConditions": [
									"Succeeded"
								]
							}
						],
						"policy": {
							"timeout": "0.12:00:00",
							"retry": 0,
							"retryIntervalInSeconds": 30,
							"secureOutput": false,
							"secureInput": false
						},
						"userProperties": [],
						"typeProperties": {
							"method": "POST",
							"url": {
								"value": "https://api.powerbi.com/v1.0/myorg/groups/@{pipeline().parameters.WorkspaceId}/datasets/@{pipeline().parameters.DatasetId}/refreshes",
								"type": "Expression"
							},
							"connectVia": {
								"referenceName": "AutoResolveIntegrationRuntime",
								"type": "IntegrationRuntimeReference"
							},
							"body": {
								"notifyOption": "NoNotification"
							},
							"authentication": {
								"type": "MSI",
								"resource": "https://analysis.windows.net/powerbi/api"
							}
						}
					},
					{
						"name": "Poll For Completion",
						"type": "Until",
						"dependsOn": [
							{
								"activity": "Trigger Refresh",
								"dependencyConditions": [
									"Succeeded"
								]
							}
						],
						"userProperties": [],
						"typeProperties": {
							"expression": {
								"value": "@not(equals('Unknown', variables('Refresh Status')))",
								"type": "Expression"
							},
							"activities": [
								{
									"name": "Check Refresh Status",
									"type": "WebActivity",
									"dependsOn": [],
									"policy": {
										"timeout": "0.12:00:00",
										"retry": 0,
										"retryIntervalInSeconds": 30,
										"secureOutput": false,
										"secureInput": false
									},
									"userProperties": [],
									"typeProperties": {
										"method": "GET",
										"url": {
											"value": "https://api.powerbi.com/v1.0/myorg/groups/@{pipeline().parameters.WorkspaceId}/datasets/@{pipeline().parameters.DatasetId}/refreshes?$top=1",
											"type": "Expression"
										},
										"connectVia": {
											"referenceName": "AutoResolveIntegrationRuntime",
											"type": "IntegrationRuntimeReference"
										},
										"body": {
											"notifyOption": "NoNotification"
										},
										"authentication": {
											"type": "MSI",
											"resource": "https://analysis.windows.net/powerbi/api"
										}
									}
								},
								{
									"name": "Wait 10s",
									"type": "Wait",
									"dependsOn": [
										{
											"activity": "Update Refresh Status",
											"dependencyConditions": [
												"Succeeded"
											]
										}
									],
									"userProperties": [],
									"typeProperties": {
										"waitTimeInSeconds": 1
									}
								},
								{
									"name": "Update Refresh Status",
									"type": "SetVariable",
									"dependsOn": [
										{
											"activity": "Check Refresh Status",
											"dependencyConditions": [
												"Succeeded"
											]
										}
									],
									"policy": {
										"secureOutput": false,
										"secureInput": false
									},
									"userProperties": [],
									"typeProperties": {
										"variableName": "Refresh Status",
										"value": {
											"value": "@activity('Check Refresh Status').output.value[0].status",
											"type": "Expression"
										}
									}
								}
							],
							"timeout": "0.12:00:00"
						}
					},
					{
						"name": "Check Status",
						"type": "IfCondition",
						"dependsOn": [
							{
								"activity": "Poll For Completion",
								"dependencyConditions": [
									"Succeeded"
								]
							}
						],
						"userProperties": [],
						"typeProperties": {
							"expression": {
								"value": "@equals(variables('Refresh Status'), 'Completed')",
								"type": "Expression"
							},
							"ifFalseActivities": [
								{
									"name": "Dataset Refresh Failed",
									"type": "Fail",
									"dependsOn": [],
									"userProperties": [],
									"typeProperties": {
										"message": {
											"value": "@concat('Power BI Dataset refresh failed with status of: ', variables('Refresh Status'))",
											"type": "Expression"
										},
										"errorCode": "500"
									}
								}
							]
						}
					}
				],
				"parameters": {
					"WorkspaceId": {
						"type": "string"
					},
					"DatasetId": {
						"type": "string"
					}
				},
				"variables": {
					"Refresh Status": {
						"type": "String"
					}
				},
				"annotations": []
			},
			"dependsOn": []
		}
	]
}